date,pre,hum,tem,occ
2019-09-25 12:25:30,95232.95,55.59,27.37,L
2019-09-25 12:13:00,95240.48,55.41,27.52,L
2019-10-01 11:42:30,95359.7,55.91,28.58,M
2019-09-18 19:14:30,94997.44,59.35,26.75,M
2019-09-24 11:57:30,95358.19,59.19,27.21,M
2019-10-02 20:28:30,95171.98,61.04,27.1,L
2019-09-23 14:00:00,95443.2,54.72,28.15,M
2019-10-01 11:31:30,95359.66,57.37,28.18,M
2019-10-01 11:35:00,95364.38,56.5,28.43,M
2019-09-24 16:11:00,94981.66,53.2,28.57,M
2019-09-24 19:19:30,94916.66,56.34,29.54,H
2019-09-24 19:10:30,94913.06,56.21,29.5,H
2019-10-01 11:33:30,95363.27,56.76,28.3,M
2019-09-18 19:15:00,95010.7,58.69,26.8,M
2019-09-25 12:24:00,95234.78,55.45,27.31,L
2019-09-25 12:12:30,95242.03,55.42,27.54,L
2019-09-24 12:04:30,95341.59,62.4,28.6,M
2019-09-25 12:06:00,95238.48,63.04,27.01,L
2019-09-23 17:35:00,95235.95,52.24,27.91,H
2019-09-24 11:53:00,95358.39,58.6,27.24,M
2019-09-18 19:10:00,95002.49,61.06,26.79,M
2019-09-24 19:18:30,94915.55,56.86,29.37,H
2019-10-02 20:32:00,95180.55,60.64,27.13,L
2019-10-01 11:32:00,95358.27,57.48,28.22,M
2019-09-25 12:19:30,95240.61,55.52,27.37,L
2019-09-18 19:12:30,95009.24,58.48,26.82,M
2019-09-24 16:09:00,94983.8,53.29,28.63,M
2019-09-24 11:51:00,95361.38,58.8,27.21,M
2019-10-01 11:28:30,95359.05,58.74,27.87,M
2019-09-24 19:16:30,94916.88,58.43,29.33,H
2019-10-02 20:44:30,95193.02,59.61,27.26,L
2019-09-24 15:56:30,94998.2,56.03,28.39,M
2019-10-01 11:43:00,95360.48,55.99,28.63,M
2019-10-01 11:26:30,95361.56,61.96,27.51,M
2019-10-01 11:42:00,95361.42,55.92,28.61,M
2019-09-24 16:08:30,94976.86,53.34,28.6,M
2019-10-01 11:34:00,95361.29,56.66,28.31,M
2019-09-24 15:56:00,94990.08,59.46,28.49,M
2019-09-23 17:42:30,95243.18,54.99,26.92,H
2019-09-18 19:04:30,95009.35,60.66,27.11,M
2019-09-24 16:06:30,94987.52,53.73,28.7,M
2019-09-18 19:08:00,95006.38,58.23,26.93,M
2019-09-25 12:20:00,95237.32,55.35,27.34,L
2019-09-25 12:08:00,95246.25,56.08,27.57,L
2019-09-24 15:58:00,94993.47,55.11,28.47,M
2019-10-01 11:26:00,95350.44,64.44,27.34,M
2019-09-24 11:52:00,95364.07,58.83,27.22,M
2019-09-24 19:03:00,94907.77,56.55,29.23,H
2019-09-25 12:23:30,95236.79,55.47,27.31,L
2019-09-25 12:12:00,95245.67,55.04,27.59,L
2019-10-01 11:44:00,95358.23,56.06,28.61,M
2019-09-18 19:06:30,95005.94,58.11,26.94,M
2019-09-18 19:20:30,95013.91,55.85,27.8,M
2019-10-02 20:38:30,95190.38,59.75,27.29,L
2019-10-02 20:30:30,95175.58,60.89,27.13,L
2019-09-18 19:21:00,95015.65,55.82,27.74,M
2019-09-24 16:13:30,94974.86,52.7,28.48,M
2019-09-23 17:50:30,95238.25,56.4,26.8,H
2019-09-23 17:44:30,95235.02,55.25,26.84,H
2019-09-24 19:07:30,94904.82,54.27,29.6,H
2019-09-24 15:58:30,94990.42,54.87,28.53,M
2019-10-02 20:45:00,95202.3,59.44,27.23,L
2019-09-24 16:12:00,94976.88,53.13,28.51,M
2019-09-24 16:03:30,94987.88,53.07,28.71,M
2019-09-24 11:44:00,95362.11,58.83,27.44,M
2019-09-23 13:58:30,95444.53,55.52,28.24,M
2019-10-01 11:29:30,95354.5,58.26,28.0,M
2019-09-24 16:09:30,94980.67,53.05,28.6,M
2019-09-23 17:38:30,95245.63,53.3,27.16,H
2019-09-24 12:03:00,95343.67,60.96,27.22,M
2019-10-02 20:40:00,95188.21,59.92,27.25,L
2019-10-02 20:43:30,95195.48,59.42,27.23,L
2019-09-24 19:01:00,94912.53,57.08,29.04,H
2019-09-18 19:18:30,95014.02,57.22,27.71,M
2019-09-25 12:08:30,95245.2,55.35,27.63,L
2019-10-02 20:33:00,95179.48,60.93,27.16,L
2019-09-18 19:17:30,95011.34,57.28,27.37,M
2019-09-24 19:15:00,94915.08,56.95,29.35,H
2019-09-24 16:07:30,94982.25,53.58,28.74,M
2019-09-24 16:05:00,94986.99,53.79,28.64,M
2019-09-24 12:03:30,95343.34,57.62,27.3,M
2019-10-02 20:34:00,95180.11,60.62,27.14,L
2019-10-02 20:38:00,95186.78,59.8,27.32,L
2019-09-25 12:07:30,95244.2,57.14,27.42,L
2019-09-25 12:10:30,95246.91,54.86,27.65,L
2019-09-18 19:21:30,95016.95,55.56,27.81,M
2019-09-24 19:14:30,94919.27,56.83,29.27,H
2019-09-24 19:08:00,94908.27,54.11,29.68,H
2019-09-24 19:16:00,94922.01,56.95,29.23,H
2019-09-24 19:15:30,94920.84,57.03,29.26,H
2019-09-23 13:57:00,95436.76,55.46,28.37,M
2019-09-24 16:16:00,94975.44,52.22,28.58,M
2019-09-24 11:54:30,95355.3,58.66,27.26,M
2019-09-23 17:48:30,95233.61,56.6,26.79,H
2019-09-24 11:45:30,95355.74,57.58,27.48,M
2019-09-25 12:09:30,95245.08,54.87,27.66,L
2019-09-24 19:12:00,94914.23,56.46,29.42,H
2019-09-18 19:13:00,95003.98,58.51,26.81,M
2019-09-25 12:13:30,95236.46,55.44,27.5,L
2019-09-23 17:41:30,95243.03,55.13,26.91,H
2019-10-01 11:37:00,95365.78,56.16,28.48,M
2019-09-23 17:37:30,95243.57,52.56,27.3,H
2019-09-24 19:13:00,94920.88,57.04,29.25,H
2019-10-01 11:37:30,95364.52,56.19,28.51,M
2019-10-02 20:42:00,95190.63,59.45,27.27,L
2019-09-25 12:16:30,95239.77,55.62,27.46,L
2019-09-24 16:05:30,94975.22,54.47,28.47,M
2019-09-25 12:10:00,95247.08,54.66,27.65,L
2019-09-24 16:06:00,94988.94,53.92,28.57,M
2019-09-23 17:43:30,95237.31,54.8,26.88,H
2019-10-02 20:47:30,95204.66,58.98,27.24,L
2019-09-24 11:49:00,95357.92,58.47,27.3,M
2019-10-02 20:47:00,95200.78,59.1,27.25,L
2019-10-02 20:37:30,95183.45,59.91,27.35,L
2019-09-24 11:45:00,95358.44,57.81,27.51,M
2019-09-24 16:00:00,94992.47,54.4,28.72,M
2019-09-24 16:04:00,94987.13,53.36,28.65,M
2019-09-24 16:01:30,94996.59,54.41,28.69,M
2019-09-18 19:12:00,95008.48,58.77,26.85,M
2019-09-24 19:18:00,94916.95,59.74,29.24,H
2019-09-23 17:39:30,95241.65,53.83,26.99,H
2019-09-24 11:44:30,95358.78,58.12,27.5,M
2019-09-25 12:21:00,95237.87,55.68,27.34,L
2019-09-25 12:11:00,95248.66,55.01,27.67,L
2019-09-24 12:04:00,95342.08,59.64,27.39,M
2019-09-25 12:18:00,95239.32,55.57,27.47,L
2019-09-18 19:06:00,95002.7,59.17,27.03,M
2019-09-23 17:50:00,95234.38,56.49,26.81,H
2019-09-25 12:14:00,95235.84,55.61,27.5,L
2019-09-23 14:06:00,95426.55,55.97,27.43,M
2019-09-23 17:35:30,95230.47,51.4,27.91,H
2019-10-02 20:44:00,95196.1,59.51,27.27,L
2019-09-24 19:05:00,94911.63,56.94,29.11,H
2019-09-24 16:02:30,94993.98,53.15,28.79,M
2019-10-01 11:39:00,95368.09,56.3,28.51,M
2019-10-01 11:24:00,95357.56,59.89,26.78,M
2019-09-24 19:20:00,94919.33,56.48,29.68,H
2019-10-02 20:37:00,95181.47,59.96,27.47,L
2019-09-18 19:24:00,95010.45,55.29,27.97,M
2019-09-24 11:46:00,95355.02,57.67,27.45,M
2019-09-18 19:10:30,95006.02,59.56,26.8,M
2019-09-24 11:43:30,95349.31,59.79,27.29,M
2019-09-25 12:26:30,95230.94,55.49,27.33,L
2019-09-18 19:05:30,95002.63,58.95,27.03,M
2019-09-25 12:09:00,95244.08,55.1,27.66,L
2019-09-24 11:52:30,95359.03,59.22,27.21,M
2019-09-18 19:16:00,95011.02,58.09,26.93,M
2019-09-18 19:19:00,95015.41,56.38,27.8,M
2019-09-23 17:40:30,95238.99,54.08,26.92,H
2019-09-24 19:02:00,94909.45,56.32,29.16,H
2019-09-24 19:00:00,94904.39,57.83,28.93,H
2019-10-02 20:36:00,95180.21,60.41,27.16,L
2019-10-01 11:31:00,95359.27,57.67,28.13,M
2019-09-25 12:17:00,95238.08,55.85,27.45,L
2019-09-18 19:13:30,95011.26,57.94,26.75,M
2019-10-01 11:40:00,95366.19,56.0,28.55,M
2019-10-01 11:41:00,95362.39,56.1,28.58,M
2019-09-24 16:16:30,94974.94,52.23,28.56,M
2019-10-02 20:29:30,95173.73,60.98,27.14,L
2019-09-23 17:42:00,95238.56,54.74,26.94,H
2019-09-23 14:01:00,95440.36,55.16,27.93,M
2019-09-18 19:05:00,95007.0,59.27,27.05,M
2019-09-18 19:09:30,94993.53,58.75,26.66,M
2019-09-24 11:42:00,95352.31,57.63,26.99,M
2019-09-25 12:23:00,95240.33,55.65,27.33,L
2019-09-23 17:45:00,95231.63,55.56,26.85,H
2019-09-18 19:09:00,95005.82,58.45,26.76,M
2019-09-18 19:22:00,95014.41,55.9,27.79,M
2019-10-02 20:40:30,95190.23,59.86,27.27,L
2019-09-23 14:04:30,95434.47,55.24,27.54,M
2019-09-18 19:24:30,95000.97,55.94,27.85,M
2019-09-18 19:11:00,95004.28,58.5,26.84,M
2019-09-24 16:03:00,94992.2,53.22,28.86,M
2019-09-23 14:00:30,95442.8,54.56,28.05,M
2019-09-24 19:12:30,94904.38,56.11,29.34,H
2019-10-01 11:28:00,95360.22,59.47,27.79,M
2019-10-01 11:27:30,95363.52,59.7,27.7,M
2019-10-02 20:39:00,95190.68,59.87,27.26,L
2019-10-02 20:31:30,95180.03,60.93,27.16,L
2019-10-02 20:45:30,95196.67,59.41,27.25,L
2019-09-24 11:51:30,95360.04,58.92,27.21,M
2019-09-24 19:19:00,94918.8,56.67,29.49,H
2019-10-01 11:25:00,95359.94,61.18,26.94,M
2019-09-23 14:06:30,95429.94,56.43,27.38,M
2019-09-25 12:25:00,95236.37,55.5,27.37,L
2019-10-01 11:32:30,95360.52,57.41,28.29,M
2019-09-24 11:55:00,95359.52,59.21,27.25,M
2019-09-24 19:01:30,94906.24,56.75,29.07,H
2019-09-18 19:15:30,95010.27,58.4,26.85,M
2019-09-23 13:56:00,95439.91,55.6,28.35,M
2019-09-18 19:04:00,95006.28,58.69,27.17,M
2019-09-24 19:08:30,94910.63,53.91,29.74,H
2019-10-01 11:38:00,95365.95,55.75,28.45,M
2019-09-23 17:51:00,95241.38,56.7,26.8,H
2019-09-24 16:14:30,94977.63,52.49,28.54,M
2019-09-25 12:21:30,95240.62,55.72,27.34,L
2019-09-23 17:49:00,95232.27,56.43,26.81,H
2019-10-02 20:35:00,95180.09,60.66,27.16,L
2019-09-23 17:49:30,95229.75,56.48,26.82,H
2019-10-01 11:43:30,95356.79,56.09,28.63,M
2019-09-24 16:10:00,94981.59,53.46,28.56,M
2019-09-23 17:36:30,95237.82,51.7,27.63,H
2019-09-23 13:59:30,95441.8,54.72,28.25,M
2019-09-24 19:11:30,94913.19,56.45,29.43,H
2019-09-25 12:07:00,95237.92,62.08,27.04,L
2019-09-24 15:59:30,94990.91,54.3,28.62,M
2019-09-24 15:57:00,94995.41,55.99,28.4,M
2019-09-24 16:15:30,94972.58,52.37,28.58,M
2019-09-24 11:55:30,95360.52,59.02,27.25,M
2019-10-02 20:30:00,95173.5,60.59,27.12,L
2019-10-02 20:48:00,95197.73,59.13,27.27,L
2019-09-25 12:24:30,95238.66,55.91,27.37,L
2019-09-24 19:09:30,94910.38,53.8,29.84,H
2019-09-23 17:44:00,95234.69,55.33,26.87,H
2019-09-24 11:50:30,95356.41,58.54,27.22,M
2019-10-01 11:40:30,95366.52,56.04,28.54,M
2019-10-02 20:34:30,95183.16,60.44,27.15,L
2019-09-23 17:47:30,95230.65,55.78,26.8,H
2019-09-23 17:43:00,95239.75,54.89,26.87,H
2019-09-25 12:27:00,95233.81,55.47,27.36,L
2019-09-24 11:49:30,95359.21,58.51,27.25,M
2019-10-01 11:36:00,95366.02,56.62,28.44,M
2019-09-23 14:04:00,95438.08,55.6,27.59,M
2019-09-25 12:22:00,95239.5,55.56,27.37,L
2019-10-02 20:29:00,95175.67,61.26,27.15,L
2019-09-23 13:47:00,95210.48,59.5,25.95,M
2019-09-24 11:42:30,95353.67,56.68,27.33,M
2019-10-01 11:27:00,95364.17,59.95,27.62,M
2019-10-02 20:28:00,95175.83,61.08,27.1,L
2019-09-18 19:23:00,95012.42,56.03,27.91,M
2019-09-23 14:02:00,95442.3,55.71,27.74,M
2019-10-01 11:41:30,95362.59,56.1,28.59,M
2019-09-24 11:54:00,95357.06,58.91,27.28,M
2019-10-01 11:35:30,95364.05,56.47,28.44,M
2019-09-18 19:18:00,95011.39,56.82,27.53,M
2019-09-24 16:17:00,94960.71,53.51,28.57,M
2019-09-24 16:07:00,94988.58,53.62,28.75,M
2019-09-24 16:01:00,94995.7,54.48,28.56,M
2019-09-25 12:15:30,95239.25,55.86,27.52,L
2019-09-24 19:09:00,94910.33,53.8,29.8,H
2019-09-18 19:19:30,95013.14,56.43,27.89,M
2019-09-18 19:20:00,95002.44,56.18,27.81,M
2019-09-24 11:53:30,95359.33,58.92,27.26,M
2019-09-24 19:00:30,94910.28,57.39,29.05,H
2019-10-02 20:36:30,95181.56,60.31,27.19,L
2019-10-01 11:34:30,95364.09,56.59,28.37,M
2019-10-02 20:32:30,95180.77,60.63,27.12,L
2019-09-24 15:59:00,94993.36,54.54,28.59,M
2019-10-01 11:33:00,95360.95,57.17,28.32,M
2019-10-02 20:46:30,95198.19,59.2,27.25,L
2019-09-24 16:14:00,94973.48,52.44,28.54,M
2019-09-23 17:51:30,95246.01,56.85,26.82,H
2019-09-24 19:06:30,94906.71,54.79,29.53,H
2019-09-25 12:15:00,95238.13,55.78,27.51,L
2019-09-24 11:47:30,95354.14,58.21,27.35,M
2019-09-25 12:26:00,95231.4,55.4,27.35,L
2019-09-23 17:38:00,95249.89,52.97,27.29,H
2019-09-18 19:16:30,95010.59,57.82,27.08,M
2019-09-24 16:08:00,94985.54,53.41,28.83,M
2019-10-02 20:41:30,95189.24,59.5,27.24,L
2019-09-24 16:12:30,94975.45,54.17,28.31,M
2019-10-02 20:42:30,95191.41,59.28,27.22,L
2019-09-18 19:23:30,95014.42,56.19,27.86,M
2019-09-24 19:04:30,94898.1,57.52,28.88,H
2019-10-02 20:31:00,95175.69,60.96,27.13,L
2019-09-23 17:46:00,95233.23,55.39,26.84,H
2019-09-23 17:37:00,95243.16,52.29,27.44,H
2019-09-23 17:45:30,95236.92,55.51,26.84,H
2019-10-01 11:36:30,95364.73,56.48,28.45,M
2019-09-25 12:14:30,95236.67,55.54,27.48,L
2019-10-01 11:29:00,95359.17,58.47,27.93,M
2019-09-24 19:13:30,94914.75,56.46,29.33,H
2019-09-18 19:08:30,95007.66,58.21,26.89,M
2019-09-24 19:05:30,94909.77,55.56,29.33,H
2019-09-25 12:19:00,95240.48,55.63,27.41,L
2019-10-02 20:35:30,95178.92,60.54,27.16,L
2019-09-24 19:04:00,94910.67,56.35,29.24,H
2019-09-24 11:48:30,95356.97,58.35,27.3,M
2019-09-23 13:59:00,95440.95,56.57,28.25,M
2019-09-24 16:11:30,94979.75,53.46,28.55,M
